"","team","avg_score","occurrences"
"1","BILES SIMONE, MCCLAIN KONNOR, CAREY JADE, JONES SHILESE, MILLER ZOE",173.623051724138,29
"2","BILES SIMONE, BLAKELY SKYE, MCCLAIN KONNOR, CAREY JADE, JONES SHILESE",173.649268518519,27
"3","BILES SIMONE, BLAKELY SKYE, MCCLAIN KONNOR, CHILES JORDAN, JONES SHILESE",173.036723684211,19
"4","BILES SIMONE, BLAKELY SKYE, MCCLAIN KONNOR, JONES SHILESE, MILLER ZOE",173.648926470588,17
"5","BILES SIMONE, MCCLAIN KONNOR, CAREY JADE, CHILES JORDAN, JONES SHILESE",173.251808823529,17
"6","BILES SIMONE, MCCLAIN KONNOR, JONES SHILESE, MILLER ZOE, CAREY JADE",173.517323529412,17
"7","BILES SIMONE, MCCLAIN KONNOR, SUMANASEKERA TIANA, JONES SHILESE, MILLER ZOE",172.990911764706,17
"8","BILES SIMONE, MCCLAIN KONNOR, ROBERSON JOSCELYN, JONES SHILESE, MILLER ZOE",173.899578125,16
"9","BILES SIMONE, BLAKELY SKYE, MCCLAIN KONNOR, JONES SHILESE, CAREY JADE",173.252116666667,15
"10","BILES SIMONE, MCCLAIN KONNOR, LINCOLN KALIYA, JONES SHILESE, MILLER ZOE",173.0630625,12
"11","BILES SIMONE, JONES SHILESE, MCCLAIN KONNOR, CAREY JADE, MILLER ZOE",174.1444,10
"12","BILES SIMONE, MCCLAIN KONNOR, CHILES JORDAN, JONES SHILESE, MILLER ZOE",173.465375,10
"13","BILES SIMONE, MCCLAIN KONNOR, WONG LEANNE, CAREY JADE, JONES SHILESE",173.543875,10
"14","BILES SIMONE, BLAKELY SKYE, MCCLAIN KONNOR, CAREY JADE, MILLER ZOE",173.60275,9
"15","BILES SIMONE, MCCLAIN KONNOR, CAREY JADE, BLAKELY SKYE, JONES SHILESE",173.37215625,8
"16","BILES SIMONE, MCCLAIN KONNOR, CHILES JORDAN, JONES SHILESE, CAREY JADE",172.78340625,8
"17","BILES SIMONE, BLAKELY SKYE, MCCLAIN KONNOR, LINCOLN KALIYA, JONES SHILESE",172.363571428571,7
"18","BILES SIMONE, MCCLAIN KONNOR, JONES SHILESE, MILLER ZOE, CHILES JORDAN",173.047642857143,7
"19","BILES SIMONE, MCCLAIN KONNOR, JONES SHILESE, MILLER ZOE, ROBERSON JOSCELYN",173.625178571429,7
"20","BILES SIMONE, MCCLAIN KONNOR, ROBERSON JOSCELYN, CHILES JORDAN, JONES SHILESE",173.333607142857,7
"21","BILES SIMONE, JONES SHILESE, MCCLAIN KONNOR, CHILES JORDAN, CAREY JADE",173.334541666667,6
"22","BILES SIMONE, JONES SHILESE, MCCLAIN KONNOR, LINCOLN KALIYA, MILLER ZOE",173.772833333333,6
"23","BILES SIMONE, JONES SHILESE, MCCLAIN KONNOR, MILLER ZOE, CAREY JADE",173.772833333333,6
"24","BILES SIMONE, MCCLAIN KONNOR, CAREY JADE, JONES SHILESE, CHILES JORDAN",173.027083333333,6
"25","BILES SIMONE, MCCLAIN KONNOR, CHILES JORDAN, BLAKELY SKYE, JONES SHILESE",172.791583333333,6
"26","BILES SIMONE, MCCLAIN KONNOR, JONES SHILESE, BLAKELY SKYE, CAREY JADE",173.157916666667,6
"27","BILES SIMONE, MCCLAIN KONNOR, JONES SHILESE, MILLER ZOE, WONG LEANNE",172.987833333333,6
"28","BILES SIMONE, MCCLAIN KONNOR, SUMANASEKERA TIANA, CHILES JORDAN, JONES SHILESE",173.75975,6
"29","BILES SIMONE, MCCLAIN KONNOR, WONG LEANNE, JONES SHILESE, MILLER ZOE",173.635458333333,6
"30","BILES SIMONE, BLAKELY SKYE, MCCLAIN KONNOR, CHILES JORDAN, MILLER ZOE",172.9826,5
"31","BILES SIMONE, JONES SHILESE, MCCLAIN KONNOR, CAREY JADE, BLAKELY SKYE",173.69695,5
"32","BILES SIMONE, JONES SHILESE, MCCLAIN KONNOR, CAREY JADE, CHILES JORDAN",173.171,5
"33","BILES SIMONE, MCCLAIN KONNOR, CAREY JADE, JONES SHILESE, WONG LEANNE",173.03755,5
"34","BILES SIMONE, MCCLAIN KONNOR, CHILES JORDAN, LINCOLN KALIYA, JONES SHILESE",173.2652,5
"35","BILES SIMONE, MCCLAIN KONNOR, CHILES JORDAN, MILLER ZOE, CAREY JADE",173.0768,5
"36","BILES SIMONE, MCCLAIN KONNOR, LINCOLN KALIYA, BLAKELY SKYE, JONES SHILESE",173.55565,5
"37","BILES SIMONE, MCCLAIN KONNOR, ROBERSON JOSCELYN, JONES SHILESE, CAREY JADE",172.91195,5
"38","BILES SIMONE, BLAKELY SKYE, MCCLAIN KONNOR, CHILES JORDAN, WONG LEANNE",171.6304375,4
"39","BILES SIMONE, BLAKELY SKYE, MCCLAIN KONNOR, JONES SHILESE, CHILES JORDAN",172.97475,4
"40","BILES SIMONE, CAREY JADE, MCCLAIN KONNOR, JONES SHILESE, MILLER ZOE",172.7785,4
"41","BILES SIMONE, JONES SHILESE, MCCLAIN KONNOR, CHILES JORDAN, MILLER ZOE",173.4359375,4
"42","BILES SIMONE, JONES SHILESE, MCCLAIN KONNOR, CHILES JORDAN, ROBERSON JOSCELYN",173.6714375,4
"43","BILES SIMONE, JONES SHILESE, MCCLAIN KONNOR, LINCOLN KALIYA, CAREY JADE",173.5340625,4
"44","BILES SIMONE, JONES SHILESE, MCCLAIN KONNOR, MILLER ZOE, CHILES JORDAN",173.9658125,4
"45","BILES SIMONE, MCCLAIN KONNOR, CAREY JADE, LINCOLN KALIYA, JONES SHILESE",172.6313125,4
"46","BILES SIMONE, MCCLAIN KONNOR, CHILES JORDAN, LINCOLN KALIYA, MILLER ZOE",172.7294375,4
"47","BILES SIMONE, MCCLAIN KONNOR, CHILES JORDAN, ROBERSON JOSCELYN, JONES SHILESE",172.2780625,4
"48","BILES SIMONE, MCCLAIN KONNOR, JONES SHILESE, LINCOLN KALIYA, MILLER ZOE",173.190625,4
"49","BILES SIMONE, MCCLAIN KONNOR, JONES SHILESE, LINCOLN KALIYA, WONG LEANNE",173.740125,4
"50","BILES SIMONE, MCCLAIN KONNOR, LINCOLN KALIYA, JONES SHILESE, CAREY JADE",173.5929375,4
"51","BILES SIMONE, MCCLAIN KONNOR, ROBERSON JOSCELYN, CAREY JADE, JONES SHILESE",173.799,4
"52","BILES SIMONE, MCCLAIN KONNOR, ROBERSON JOSCELYN, JONES SHILESE, WONG LEANNE",172.66075,4
"53","BILES SIMONE, MCCLAIN KONNOR, SULLIVAN ASHLEE, CHILES JORDAN, JONES SHILESE",173.072875,4
"54","BILES SIMONE, MCCLAIN KONNOR, SUMANASEKERA TIANA, BLAKELY SKYE, JONES SHILESE",173.543875,4
"55","BILES SIMONE, MCCLAIN KONNOR, WONG LEANNE, CHILES JORDAN, JONES SHILESE",172.798125,4
"56","BILES SIMONE, BLAKELY SKYE, MCCLAIN KONNOR, CAREY JADE, CHILES JORDAN",172.281333333333,3
"57","BILES SIMONE, BLAKELY SKYE, MCCLAIN KONNOR, JONES SHILESE, LINCOLN KALIYA",173.511166666667,3
"58","BILES SIMONE, BLAKELY SKYE, MCCLAIN KONNOR, LINCOLN KALIYA, MILLER ZOE",173.079416666667,3
"59","BILES SIMONE, CHILES JORDAN, MCCLAIN KONNOR, CAREY JADE, JONES SHILESE",172.89625,3
"60","BILES SIMONE, CHILES JORDAN, MCCLAIN KONNOR, CAREY JADE, MILLER ZOE",173.628916666667,3
"61","BILES SIMONE, JONES SHILESE, MCCLAIN KONNOR, CAREY JADE, LINCOLN KALIYA",173.694333333333,3
"62","BILES SIMONE, JONES SHILESE, MCCLAIN KONNOR, CHILES JORDAN, BLAKELY SKYE",174.335416666667,3
"63","BILES SIMONE, JONES SHILESE, MCCLAIN KONNOR, CHILES JORDAN, LINCOLN KALIYA",172.89625,3
"64","BILES SIMONE, JONES SHILESE, MCCLAIN KONNOR, CHILES JORDAN, WONG LEANNE",173.419583333333,3
"65","BILES SIMONE, JONES SHILESE, MCCLAIN KONNOR, LINCOLN KALIYA, BLAKELY SKYE",173.485,3
"66","BILES SIMONE, JONES SHILESE, MCCLAIN KONNOR, LINCOLN KALIYA, CHILES JORDAN",173.655083333333,3
"67","BILES SIMONE, JONES SHILESE, MCCLAIN KONNOR, ROBERSON JOSCELYN, MILLER ZOE",173.105583333333,3
"68","BILES SIMONE, JONES SHILESE, MCCLAIN KONNOR, WONG LEANNE, CAREY JADE",174.23075,3
"69","BILES SIMONE, MCCLAIN KONNOR, CAREY JADE, CHILES JORDAN, MILLER ZOE",173.13175,3
"70","BILES SIMONE, MCCLAIN KONNOR, CAREY JADE, JONES SHILESE, MATTHEWS NOLA",172.634583333333,3
"71","BILES SIMONE, MCCLAIN KONNOR, CHILES JORDAN, JONES SHILESE, BLAKELY SKYE",173.2495,3
"72","BILES SIMONE, MCCLAIN KONNOR, JONES SHILESE, BLAKELY SKYE, CHILES JORDAN",172.73925,3
"73","BILES SIMONE, MCCLAIN KONNOR, JONES SHILESE, BLAKELY SKYE, WONG LEANNE",172.294416666667,3
"74","BILES SIMONE, MCCLAIN KONNOR, JONES SHILESE, LINCOLN KALIYA, BLAKELY SKYE",173.799,3
"75","BILES SIMONE, MCCLAIN KONNOR, JONES SHILESE, LINCOLN KALIYA, CHILES JORDAN",173.4065,3
"76","BILES SIMONE, MCCLAIN KONNOR, JONES SHILESE, ROBERSON JOSCELYN, MILLER ZOE",173.825166666667,3
"77","BILES SIMONE, MCCLAIN KONNOR, JONES SHILESE, WONG LEANNE, CAREY JADE",172.386,3
"78","BILES SIMONE, MCCLAIN KONNOR, ROBERSON JOSCELYN, BLAKELY SKYE, JONES SHILESE",173.05325,3
"79","BILES SIMONE, MCCLAIN KONNOR, ROBERSON JOSCELYN, JONES SHILESE, BLAKELY SKYE",172.124333333333,3
"80","BILES SIMONE, MCCLAIN KONNOR, SULLIVAN ASHLEE, JONES SHILESE, BLAKELY SKYE",173.157916666667,3
"81","BILES SIMONE, MCCLAIN KONNOR, SULLIVAN ASHLEE, JONES SHILESE, MILLER ZOE",172.50375,3
"82","BILES SIMONE, MCCLAIN KONNOR, SUMANASEKERA TIANA, CAREY JADE, JONES SHILESE",172.830833333333,3
"83","BILES SIMONE, MCCLAIN KONNOR, SUMANASEKERA TIANA, CAREY JADE, MILLER ZOE",172.11125,3
"84","BILES SIMONE, MCCLAIN KONNOR, SUMANASEKERA TIANA, CHILES JORDAN, MILLER ZOE",173.171,3
"85","BILES SIMONE, MCCLAIN KONNOR, SUMANASEKERA TIANA, JONES SHILESE, BLAKELY SKYE",174.021416666667,3
"86","BILES SIMONE, MCCLAIN KONNOR, SUMANASEKERA TIANA, JONES SHILESE, CAREY JADE",173.44575,3
"87","BILES SIMONE, MCCLAIN KONNOR, SUMANASEKERA TIANA, JONES SHILESE, WONG LEANNE",173.471916666667,3
"88","BILES SIMONE, MCCLAIN KONNOR, SUMANASEKERA TIANA, LINCOLN KALIYA, JONES SHILESE",173.929833333333,3
"89","BILES SIMONE, MCCLAIN KONNOR, WONG LEANNE, BLAKELY SKYE, JONES SHILESE",172.451416666667,3
"90","BILES SIMONE, MCCLAIN KONNOR, WONG LEANNE, JONES SHILESE, CAREY JADE",172.922416666667,3
"91","BILES SIMONE, MCCLAIN KONNOR, WONG LEANNE, LINCOLN KALIYA, JONES SHILESE",173.05325,3
"92","BILES SIMONE, BLAKELY SKYE, CAREY JADE, JONES SHILESE, MILLER ZOE",173.386875,2
"93","BILES SIMONE, BLAKELY SKYE, CHILES JORDAN, LINCOLN KALIYA, MILLER ZOE",173.799,2
"94","BILES SIMONE, BLAKELY SKYE, CHILES JORDAN, MCCLAIN KONNOR, JONES SHILESE",173.0925,2
"95","BILES SIMONE, BLAKELY SKYE, LINCOLN KALIYA, JONES SHILESE, MILLER ZOE",173.426125,2
"96","BILES SIMONE, BLAKELY SKYE, MCCLAIN KONNOR, CAREY JADE, LINCOLN KALIYA",173.52425,2
"97","BILES SIMONE, BLAKELY SKYE, MCCLAIN KONNOR, CHILES JORDAN, DISIDORE AMELIA",173.36725,2
"98","BILES SIMONE, BLAKELY SKYE, MCCLAIN KONNOR, CHILES JORDAN, LINCOLN KALIYA",173.465375,2
"99","BILES SIMONE, BLAKELY SKYE, MCCLAIN KONNOR, JONES SHILESE, WONG LEANNE",171.915,2
"100","BILES SIMONE, BLAKELY SKYE, MCCLAIN KONNOR, MILLER ZOE, CAREY JADE",173.465375,2
"101","BILES SIMONE, BLAKELY SKYE, MCCLAIN KONNOR, ROBERSON JOSCELYN, JONES SHILESE",172.11125,2
"102","BILES SIMONE, BLAKELY SKYE, MCCLAIN KONNOR, WONG LEANNE, CHILES JORDAN",172.03275,2
"103","BILES SIMONE, BLAKELY SKYE, MCCLAIN KONNOR, WONG LEANNE, JONES SHILESE",172.405625,2
"104","BILES SIMONE, CAREY JADE, MCCLAIN KONNOR, JONES SHILESE, CHILES JORDAN",173.308375,2
"105","BILES SIMONE, CAREY JADE, MCCLAIN KONNOR, JONES SHILESE, WONG LEANNE",173.014,2
"106","BILES SIMONE, CAREY JADE, MCCLAIN KONNOR, LINCOLN KALIYA, JONES SHILESE",172.209375,2
"107","BILES SIMONE, CHILES JORDAN, MCCLAIN KONNOR, JONES SHILESE, CAREY JADE",172.523375,2
"108","BILES SIMONE, CHILES JORDAN, MCCLAIN KONNOR, JONES SHILESE, MILLER ZOE",173.622375,2
"109","BILES SIMONE, CHILES JORDAN, MCCLAIN KONNOR, LINCOLN KALIYA, JONES SHILESE",172.81775,2
"110","BILES SIMONE, JONES SHILESE, MCCLAIN KONNOR, BLAKELY SKYE, CAREY JADE",174.014875,2
"111","BILES SIMONE, JONES SHILESE, MCCLAIN KONNOR, BLAKELY SKYE, MILLER ZOE",174.9765,2
"112","BILES SIMONE, JONES SHILESE, MCCLAIN KONNOR, CAREY JADE, BOOTH CHARLOTTE",172.7,2
"113","BILES SIMONE, JONES SHILESE, MCCLAIN KONNOR, LINCOLN KALIYA, MATTHEWS NOLA",173.2495,2
"114","BILES SIMONE, JONES SHILESE, MCCLAIN KONNOR, LINCOLN KALIYA, WONG LEANNE",173.072875,2
"115","BILES SIMONE, JONES SHILESE, MCCLAIN KONNOR, WONG LEANNE, BLAKELY SKYE",174.171875,2
"116","BILES SIMONE, MCCLAIN KONNOR, BLAKELY SKYE, JONES SHILESE, CAREY JADE",174.211125,2
"117","BILES SIMONE, MCCLAIN KONNOR, CAREY JADE, JONES SHILESE, BLAKELY SKYE",172.955125,2
"118","BILES SIMONE, MCCLAIN KONNOR, CAREY JADE, JONES SHILESE, BOOTH CHARLOTTE",173.8775,2
"119","BILES SIMONE, MCCLAIN KONNOR, CAREY JADE, LINCOLN KALIYA, MILLER ZOE",172.50375,2
"120","BILES SIMONE, MCCLAIN KONNOR, CAREY JADE, MILLER ZOE, BLAKELY SKYE",172.66075,2
"121","BILES SIMONE, MCCLAIN KONNOR, CAREY JADE, MILLER ZOE, CHILES JORDAN",174.054125,2
"122","BILES SIMONE, MCCLAIN KONNOR, CAREY JADE, WONG LEANNE, JONES SHILESE",172.523375,2
"123","BILES SIMONE, MCCLAIN KONNOR, CHILES JORDAN, JONES SHILESE, WONG LEANNE",172.915875,2
"124","BILES SIMONE, MCCLAIN KONNOR, CHILES JORDAN, MATTHEWS NOLA, MILLER ZOE",172.601875,2
"125","BILES SIMONE, MCCLAIN KONNOR, CHILES JORDAN, MILLER ZOE, ROBERSON JOSCELYN",172.543,2
"126","BILES SIMONE, MCCLAIN KONNOR, CHILES JORDAN, MILLER ZOE, WONG LEANNE",172.248625,2
"127","BILES SIMONE, MCCLAIN KONNOR, CHILES JORDAN, WONG LEANNE, JONES SHILESE",172.50375,2
"128","BILES SIMONE, MCCLAIN KONNOR, JONES SHILESE, MILLER ZOE, SUMANASEKERA TIANA",172.484125,2
"129","BILES SIMONE, MCCLAIN KONNOR, JONES SHILESE, WONG LEANNE, MILLER ZOE",172.97475,2
"130","BILES SIMONE, MCCLAIN KONNOR, LINCOLN KALIYA, CHILES JORDAN, JONES SHILESE",173.68125,2
"131","BILES SIMONE, MCCLAIN KONNOR, LINCOLN KALIYA, JONES SHILESE, CHILES JORDAN",173.8775,2
"132","BILES SIMONE, MCCLAIN KONNOR, LINCOLN KALIYA, MILLER ZOE, JONES SHILESE",172.444875,2
"133","BILES SIMONE, MCCLAIN KONNOR, LINCOLN KALIYA, WONG LEANNE, BLAKELY SKYE",173.504625,2
"134","BILES SIMONE, MCCLAIN KONNOR, LINCOLN KALIYA, WONG LEANNE, JONES SHILESE",171.64025,2
"135","BILES SIMONE, MCCLAIN KONNOR, PIERSON BROOKE, CAREY JADE, JONES SHILESE",174.525125,2
"136","BILES SIMONE, MCCLAIN KONNOR, ROBERSON JOSCELYN, CAREY JADE, CHILES JORDAN",173.308375,2
"137","BILES SIMONE, MCCLAIN KONNOR, ROBERSON JOSCELYN, CHILES JORDAN, MILLER ZOE",171.56175,2
"138","BILES SIMONE, MCCLAIN KONNOR, ROBERSON JOSCELYN, JONES SHILESE, LINCOLN KALIYA",173.033625,2
"139","BILES SIMONE, MCCLAIN KONNOR, SULLIVAN ASHLEE, CAREY JADE, JONES SHILESE",173.661625,2
"140","BILES SIMONE, MCCLAIN KONNOR, SULLIVAN ASHLEE, CHILES JORDAN, MILLER ZOE",173.75975,2
"141","BILES SIMONE, MCCLAIN KONNOR, SUMANASEKERA TIANA, BLAKELY SKYE, WONG LEANNE",173.485,2
"142","BILES SIMONE, MCCLAIN KONNOR, SUMANASEKERA TIANA, CAREY JADE, BLAKELY SKYE",171.738375,2
"143","BILES SIMONE, MCCLAIN KONNOR, SUMANASEKERA TIANA, JONES SHILESE, MATTHEWS NOLA",172.26825,2
"144","BILES SIMONE, MCCLAIN KONNOR, SUMANASEKERA TIANA, JONES SHILESE, ROBERSON JOSCELYN",172.680375,2
"145","BILES SIMONE, MCCLAIN KONNOR, SUMANASEKERA TIANA, MILLER ZOE, JONES SHILESE",172.915875,2
"146","BILES SIMONE, MCCLAIN KONNOR, SUMANASEKERA TIANA, ROBERSON JOSCELYN, BLAKELY SKYE",172.1505,2
"147","BILES SIMONE, MCCLAIN KONNOR, SUMANASEKERA TIANA, ROBERSON JOSCELYN, JONES SHILESE",173.112125,2
"148","BILES SIMONE, MCCLAIN KONNOR, WONG LEANNE, CHILES JORDAN, CAREY JADE",173.014,2
"149","BILES SIMONE, MCCLAIN KONNOR, WONG LEANNE, CHILES JORDAN, ROBERSON JOSCELYN",172.641125,2
"150","BILES SIMONE, MCCLAIN KONNOR, WONG LEANNE, JONES SHILESE, ROBERSON JOSCELYN",173.583125,2
"151","BILES SIMONE, MCCLAIN KONNOR, WONG LEANNE, MILLER ZOE, CHILES JORDAN",172.287875,2
"152","BILES SIMONE, SUMANASEKERA TIANA, JONES SHILESE, MCCLAIN KONNOR, MILLER ZOE",172.641125,2
"153","BILES SIMONE, SUMANASEKERA TIANA, JONES SHILESE, MILLER ZOE, CAREY JADE",173.426125,2
"154","BLAKELY SKYE, MCCLAIN KONNOR, BILES SIMONE, CHILES JORDAN, JONES SHILESE",174.250375,2
"155","BLAKELY SKYE, MCCLAIN KONNOR, BILES SIMONE, JONES SHILESE, LINCOLN KALIYA",173.897125,2
"156","BILES SIMONE, BLAKELY SKYE, CAREY JADE, CHILES JORDAN, MILLER ZOE",174.78025,1
"157","BILES SIMONE, BLAKELY SKYE, CAREY JADE, JONES SHILESE, MATTHEWS NOLA",173.171,1
"158","BILES SIMONE, BLAKELY SKYE, CAREY JADE, JONES SHILESE, MCCLAIN KONNOR",173.956,1
"159","BILES SIMONE, BLAKELY SKYE, CAREY JADE, JONES SHILESE, ROBERSON JOSCELYN",174.3485,1
"160","BILES SIMONE, BLAKELY SKYE, CAREY JADE, LEW MYLI, ZEISS LEXI",171.01225,1
"161","BILES SIMONE, BLAKELY SKYE, CAREY JADE, MILLER ZOE, JONES SHILESE",172.7,1
"162","BILES SIMONE, BLAKELY SKYE, CAREY JADE, MILLER ZOE, MCCLAIN KONNOR",171.915,1
"163","BILES SIMONE, BLAKELY SKYE, CAREY JADE, ROBERSON JOSCELYN, JONES SHILESE",174.85875,1
"164","BILES SIMONE, BLAKELY SKYE, CAREY JADE, WONG LEANNE, MATTHEWS NOLA",171.3655,1
"165","BILES SIMONE, BLAKELY SKYE, CHILES JORDAN, CAREY JADE, JONES SHILESE",171.40475,1
"166","BILES SIMONE, BLAKELY SKYE, CHILES JORDAN, JONES SHILESE, CAREY JADE",172.4645,1
"167","BILES SIMONE, BLAKELY SKYE, CHILES JORDAN, JONES SHILESE, MILLER ZOE",173.7205,1
"168","BILES SIMONE, BLAKELY SKYE, CHILES JORDAN, LINCOLN KALIYA, MCCLAIN KONNOR",172.543,1
"169","BILES SIMONE, BLAKELY SKYE, CHILES JORDAN, ROBERSON JOSCELYN, CAREY JADE",172.89625,1
"170","BILES SIMONE, BLAKELY SKYE, CHILES JORDAN, ROBERSON JOSCELYN, JONES SHILESE",173.21025,1
"171","BILES SIMONE, BLAKELY SKYE, JONES SHILESE, CAREY JADE, WONG LEANNE",172.386,1
"172","BILES SIMONE, BLAKELY SKYE, JONES SHILESE, LINCOLN KALIYA, MATTHEWS NOLA",172.26825,1
"173","BILES SIMONE, BLAKELY SKYE, JONES SHILESE, LINCOLN KALIYA, MILLER ZOE",174.3485,1
"174","BILES SIMONE, BLAKELY SKYE, JONES SHILESE, LINCOLN KALIYA, SUMANASEKERA TIANA",174.0345,1
"175","BILES SIMONE, BLAKELY SKYE, JONES SHILESE, LINCOLN KALIYA, WONG LEANNE",172.386,1
"176","BILES SIMONE, BLAKELY SKYE, JONES SHILESE, MCCLAIN KONNOR, CAREY JADE",173.642,1
"177","BILES SIMONE, BLAKELY SKYE, JONES SHILESE, MILLER ZOE, CAREY JADE",172.58225,1
"178","BILES SIMONE, BLAKELY SKYE, JONES SHILESE, ROBERSON JOSCELYN, CHILES JORDAN",173.05325,1
"179","BILES SIMONE, BLAKELY SKYE, JONES SHILESE, ROBERSON JOSCELYN, WONG LEANNE",173.28875,1
"180","BILES SIMONE, BLAKELY SKYE, JONES SHILESE, ROSEN KATELYN, MILLER ZOE",173.75975,1
"181","BILES SIMONE, BLAKELY SKYE, JONES SHILESE, SUMANASEKERA TIANA, CHILES JORDAN",172.73925,1
"182","BILES SIMONE, BLAKELY SKYE, LINCOLN KALIYA, CHILES JORDAN, JONES SHILESE",173.485,1
"183","BILES SIMONE, BLAKELY SKYE, LINCOLN KALIYA, JONES SHILESE, CAREY JADE",172.66075,1
"184","BILES SIMONE, BLAKELY SKYE, MCCLAIN KONNOR, CAREY JADE, MATTHEWS NOLA",172.386,1
"185","BILES SIMONE, BLAKELY SKYE, MCCLAIN KONNOR, CAREY JADE, ROBERSON JOSCELYN",172.97475,1
"186","BILES SIMONE, BLAKELY SKYE, MCCLAIN KONNOR, CAREY JADE, SUMANASEKERA TIANA",172.89625,1
"187","BILES SIMONE, BLAKELY SKYE, MCCLAIN KONNOR, CAREY JADE, WONG LEANNE",173.52425,1
"188","BILES SIMONE, BLAKELY SKYE, MCCLAIN KONNOR, CHILES JORDAN, CAREY JADE",172.58225,1
"189","BILES SIMONE, BLAKELY SKYE, MCCLAIN KONNOR, CHILES JORDAN, ROBERSON JOSCELYN",174.113,1
"190","BILES SIMONE, BLAKELY SKYE, MCCLAIN KONNOR, JONES SHILESE, DISIDORE AMELIA",172.89625,1
"191","BILES SIMONE, BLAKELY SKYE, MCCLAIN KONNOR, JONES SHILESE, NEAL MARISSA",173.485,1
"192","BILES SIMONE, BLAKELY SKYE, MCCLAIN KONNOR, JONES SHILESE, ROBERSON JOSCELYN",173.799,1
"193","BILES SIMONE, BLAKELY SKYE, MCCLAIN KONNOR, JONES SHILESE, ROSEN KATELYN",174.23075,1
"194","BILES SIMONE, BLAKELY SKYE, MCCLAIN KONNOR, JONES SHILESE, SUMANASEKERA TIANA",172.6215,1
"195","BILES SIMONE, BLAKELY SKYE, MCCLAIN KONNOR, JONES SHILESE, ZEISS LEXI",172.857,1
"196","BILES SIMONE, BLAKELY SKYE, MCCLAIN KONNOR, JONG KATELYN, JONES SHILESE",172.543,1
"197","BILES SIMONE, BLAKELY SKYE, MCCLAIN KONNOR, LINCOLN KALIYA, ROBERSON JOSCELYN",172.9355,1
"198","BILES SIMONE, BLAKELY SKYE, MCCLAIN KONNOR, LINCOLN KALIYA, WONG LEANNE",174.85875,1
"199","BILES SIMONE, BLAKELY SKYE, MCCLAIN KONNOR, MILLER ZOE, JONES SHILESE",173.05325,1
"200","BILES SIMONE, BLAKELY SKYE, MCCLAIN KONNOR, MILLER ZOE, WONG LEANNE",172.11125,1
"201","BILES SIMONE, BLAKELY SKYE, MCCLAIN KONNOR, ROBERSON JOSCELYN, CAREY JADE",174.46625,1
"202","BILES SIMONE, BLAKELY SKYE, MCCLAIN KONNOR, ROBERSON JOSCELYN, MILLER ZOE",174.07375,1
"203","BILES SIMONE, BLAKELY SKYE, MCCLAIN KONNOR, SUMANASEKERA TIANA, JONES SHILESE",172.66075,1
"204","BILES SIMONE, BLAKELY SKYE, MCCLAIN KONNOR, WONG LEANNE, FATTA ADDISON",172.1505,1
"205","BILES SIMONE, BLAKELY SKYE, ROBERSON JOSCELYN, CHILES JORDAN, JONES SHILESE",173.13175,1
"206","BILES SIMONE, BLAKELY SKYE, ROBERSON JOSCELYN, MCCLAIN KONNOR, JONES SHILESE",173.28875,1
"207","BILES SIMONE, BLAKELY SKYE, SUMANASEKERA TIANA, CAREY JADE, JONES SHILESE",173.8775,1
"208","BILES SIMONE, BLAKELY SKYE, SUMANASEKERA TIANA, JONES SHILESE, MATTHEWS NOLA",173.642,1
"209","BILES SIMONE, BLAKELY SKYE, SUMANASEKERA TIANA, JONES SHILESE, MILLER ZOE",172.18975,1
"210","BILES SIMONE, BLAKELY SKYE, WONG LEANNE, CAREY JADE, JONES SHILESE",174.78025,1
"211","BILES SIMONE, BLAKELY SKYE, WONG LEANNE, CAREY JADE, MILLER ZOE",173.171,1
"212","BILES SIMONE, CAREY JADE, BLAKELY SKYE, JONES SHILESE, MCCLAIN KONNOR",170.2665,1
"213","BILES SIMONE, CAREY JADE, BLAKELY SKYE, MILLER ZOE, WONG LEANNE",173.28875,1
"214","BILES SIMONE, CAREY JADE, CHILES JORDAN, BLAKELY SKYE, MILLER ZOE",173.328,1
"215","BILES SIMONE, CAREY JADE, JONES SHILESE, BLAKELY SKYE, MILLER ZOE",173.60275,1
"216","BILES SIMONE, CAREY JADE, LINCOLN KALIYA, JONES SHILESE, MILLER ZOE",172.58225,1
"217","BILES SIMONE, CAREY JADE, MCCLAIN KONNOR, BLAKELY SKYE, CHILES JORDAN",172.229,1
"218","BILES SIMONE, CAREY JADE, MCCLAIN KONNOR, BLAKELY SKYE, MILLER ZOE",173.642,1
"219","BILES SIMONE, CAREY JADE, MCCLAIN KONNOR, CHILES JORDAN, JONES SHILESE",171.6795,1
"220","BILES SIMONE, CAREY JADE, MCCLAIN KONNOR, CHILES JORDAN, MILLER ZOE",172.58225,1
"221","BILES SIMONE, CAREY JADE, MCCLAIN KONNOR, JONES SHILESE, BLAKELY SKYE",172.81775,1
"222","BILES SIMONE, CAREY JADE, MCCLAIN KONNOR, JONES SHILESE, LINCOLN KALIYA",171.9935,1
"223","BILES SIMONE, CAREY JADE, MCCLAIN KONNOR, JONES SHILESE, SUMANASEKERA TIANA",174.741,1
"224","BILES SIMONE, CAREY JADE, MCCLAIN KONNOR, LINCOLN KALIYA, MILLER ZOE",172.229,1
"225","BILES SIMONE, CAREY JADE, MCCLAIN KONNOR, LINCOLN KALIYA, WONG LEANNE",173.5635,1
"226","BILES SIMONE, CAREY JADE, MCCLAIN KONNOR, MILLER ZOE, BLAKELY SKYE",173.799,1
"227","BILES SIMONE, CAREY JADE, MCCLAIN KONNOR, ROBERSON JOSCELYN, JONES SHILESE",172.18975,1
"228","BILES SIMONE, CAREY JADE, MCCLAIN KONNOR, ROBERSON JOSCELYN, MILLER ZOE",171.915,1
"229","BILES SIMONE, CAREY JADE, ROBERSON JOSCELYN, BLAKELY SKYE, CHILES JORDAN",171.5225,1
"230","BILES SIMONE, CAREY JADE, ROBERSON JOSCELYN, JONES SHILESE, WONG LEANNE",172.7785,1
"231","BILES SIMONE, CAREY JADE, ROBERSON JOSCELYN, MILLER ZOE, MCCLAIN KONNOR",171.95425,1
"232","BILES SIMONE, CHILES JORDAN, BLAKELY SKYE, JONES SHILESE, CAREY JADE",172.97475,1
"233","BILES SIMONE, CHILES JORDAN, JONES SHILESE, ROBERSON JOSCELYN, SUMANASEKERA TIANA",173.4065,1
"234","BILES SIMONE, CHILES JORDAN, LINCOLN KALIYA, JONES SHILESE, MILLER ZOE",172.50375,1
"235","BILES SIMONE, CHILES JORDAN, MCCLAIN KONNOR, BLAKELY SKYE, JONES SHILESE",173.36725,1
"236","BILES SIMONE, CHILES JORDAN, MCCLAIN KONNOR, CAREY JADE, BLAKELY SKYE",173.4065,1
"237","BILES SIMONE, CHILES JORDAN, MCCLAIN KONNOR, JONES SHILESE, BLAKELY SKYE",174.38775,1
"238","BILES SIMONE, CHILES JORDAN, MCCLAIN KONNOR, JONES SHILESE, MATTHEWS NOLA",173.2495,1
"239","BILES SIMONE, CHILES JORDAN, MCCLAIN KONNOR, JONES SHILESE, ROBERSON JOSCELYN",172.9355,1
"240","BILES SIMONE, CHILES JORDAN, MCCLAIN KONNOR, MATTHEWS NOLA, JONES SHILESE",173.44575,1
"241","BILES SIMONE, CHILES JORDAN, MCCLAIN KONNOR, MILLER ZOE, BLAKELY SKYE",171.3655,1
"242","BILES SIMONE, CHILES JORDAN, MCCLAIN KONNOR, ROBERSON JOSCELYN, JONES SHILESE",173.91675,1
"243","BILES SIMONE, CHILES JORDAN, ROBERSON JOSCELYN, BLAKELY SKYE, JONES SHILESE",173.956,1
"244","BILES SIMONE, CHILES JORDAN, ROBERSON JOSCELYN, WONG LEANNE, MCCLAIN KONNOR",171.95425,1
"245","BILES SIMONE, JONES SHILESE, CAREY JADE, LINCOLN KALIYA, WONG LEANNE",171.444,1
"246","BILES SIMONE, JONES SHILESE, CAREY JADE, MCCLAIN KONNOR, SULLIVAN ASHLEE",172.66075,1
"247","BILES SIMONE, JONES SHILESE, CAREY JADE, ROBERSON JOSCELYN, MILLER ZOE",173.171,1
"248","BILES SIMONE, JONES SHILESE, CAREY JADE, WONG LEANNE, LINCOLN KALIYA",174.27,1
"249","BILES SIMONE, JONES SHILESE, CHILES JORDAN, BLAKELY SKYE, MCCLAIN KONNOR",173.171,1
"250","BILES SIMONE, JONES SHILESE, CHILES JORDAN, LINCOLN KALIYA, MILLER ZOE",172.42525,1
"251","BILES SIMONE, JONES SHILESE, CHILES JORDAN, MILLER ZOE, MCCLAIN KONNOR",171.79725,1
"252","BILES SIMONE, JONES SHILESE, LINCOLN KALIYA, ROBERSON JOSCELYN, WONG LEANNE",172.7785,1
"253","BILES SIMONE, JONES SHILESE, LINCOLN KALIYA, WONG LEANNE, CAREY JADE",173.8775,1
"254","BILES SIMONE, JONES SHILESE, MCCLAIN KONNOR, BLAKELY SKYE, CHILES JORDAN",173.52425,1
"255","BILES SIMONE, JONES SHILESE, MCCLAIN KONNOR, BLAKELY SKYE, WONG LEANNE",171.8365,1
"256","BILES SIMONE, JONES SHILESE, MCCLAIN KONNOR, CAREY JADE, DISIDORE AMELIA",175.01575,1
"257","BILES SIMONE, JONES SHILESE, MCCLAIN KONNOR, CAREY JADE, LEW MYLI",172.9355,1
"258","BILES SIMONE, JONES SHILESE, MCCLAIN KONNOR, CAREY JADE, MATTHEWS NOLA",172.6215,1
"259","BILES SIMONE, JONES SHILESE, MCCLAIN KONNOR, CAREY JADE, MUELLER ELLE",174.38775,1
"260","BILES SIMONE, JONES SHILESE, MCCLAIN KONNOR, CAREY JADE, SUMANASEKERA TIANA",174.8195,1
"261","BILES SIMONE, JONES SHILESE, MCCLAIN KONNOR, CHILES JORDAN, ROSEN KATELYN",173.28875,1
"262","BILES SIMONE, JONES SHILESE, MCCLAIN KONNOR, CHILES JORDAN, SUMANASEKERA TIANA",173.36725,1
"263","BILES SIMONE, JONES SHILESE, MCCLAIN KONNOR, DISIDORE AMELIA, MILLER ZOE",176.3895,1
"264","BILES SIMONE, JONES SHILESE, MCCLAIN KONNOR, JONG KATELYN, CHILES JORDAN",170.973,1
"265","BILES SIMONE, JONES SHILESE, MCCLAIN KONNOR, JUNG LEVI, WONG LEANNE",171.6795,1
"266","BILES SIMONE, JONES SHILESE, MCCLAIN KONNOR, LEW MYLI, MILLER ZOE",172.11125,1
"267","BILES SIMONE, JONES SHILESE, MCCLAIN KONNOR, LINCOLN KALIYA, JONG KATELYN",172.072,1
"268","BILES SIMONE, JONES SHILESE, MCCLAIN KONNOR, LINCOLN KALIYA, ROBERSON JOSCELYN",173.13175,1
"269","BILES SIMONE, JONES SHILESE, MCCLAIN KONNOR, LINCOLN KALIYA, ZEISS LEXI",172.18975,1
"270","BILES SIMONE, JONES SHILESE, MCCLAIN KONNOR, MILLER ZOE, BLAKELY SKYE",172.34675,1
"271","BILES SIMONE, JONES SHILESE, MCCLAIN KONNOR, MILLER ZOE, ROBERSON JOSCELYN",173.485,1
"272","BILES SIMONE, JONES SHILESE, MCCLAIN KONNOR, ROBERSON JOSCELYN, BLAKELY SKYE",172.229,1
"273","BILES SIMONE, JONES SHILESE, MCCLAIN KONNOR, ROBERSON JOSCELYN, CAREY JADE",172.7,1
"274","BILES SIMONE, JONES SHILESE, MCCLAIN KONNOR, ROBERSON JOSCELYN, CHILES JORDAN",173.956,1
"275","BILES SIMONE, JONES SHILESE, MCCLAIN KONNOR, ROSEN KATELYN, CAREY JADE",174.113,1
"276","BILES SIMONE, JONES SHILESE, MCCLAIN KONNOR, SUMANASEKERA TIANA, CAREY JADE",174.85875,1
"277","BILES SIMONE, JONES SHILESE, MCCLAIN KONNOR, WONG LEANNE, CHILES JORDAN",173.485,1
"278","BILES SIMONE, JONES SHILESE, MILLER ZOE, BLAKELY SKYE, CAREY JADE",171.3655,1
"279","BILES SIMONE, JONES SHILESE, ROBERSON JOSCELYN, MATTHEWS NOLA, CAREY JADE",172.543,1
"280","BILES SIMONE, JONES SHILESE, ROBERSON JOSCELYN, MILLER ZOE, BLAKELY SKYE",171.64025,1
"281","BILES SIMONE, JONES SHILESE, ROBERSON JOSCELYN, MILLER ZOE, CAREY JADE",172.81775,1
"282","BILES SIMONE, JONES SHILESE, ROBERSON JOSCELYN, WONG LEANNE, CAREY JADE",173.799,1
"283","BILES SIMONE, JONES SHILESE, SUMANASEKERA TIANA, CAREY JADE, MILLER ZOE",172.81775,1
"284","BILES SIMONE, JONES SHILESE, SUMANASEKERA TIANA, LINCOLN KALIYA, MATTHEWS NOLA",172.34675,1
"285","BILES SIMONE, JONES SHILESE, WONG LEANNE, CAREY JADE, LINCOLN KALIYA",173.52425,1
"286","BILES SIMONE, JONG KATELYN, CAREY JADE, WONG LEANNE, JONES SHILESE",171.3655,1
"287","BILES SIMONE, JONG KATELYN, MCCLAIN KONNOR, BLAKELY SKYE, JONES SHILESE",172.543,1
"288","BILES SIMONE, JONG KATELYN, MCCLAIN KONNOR, JONES SHILESE, MILLER ZOE",172.42525,1
"289","BILES SIMONE, JONG KATELYN, MCCLAIN KONNOR, JONES SHILESE, WONG LEANNE",173.28875,1
"290","BILES SIMONE, JONG KATELYN, MCCLAIN KONNOR, JONES SHILESE, ZEISS LEXI",172.072,1
"291","BILES SIMONE, LINCOLN KALIYA, CHILES JORDAN, MILLER ZOE, BLAKELY SKYE",171.6795,1
"292","BILES SIMONE, LINCOLN KALIYA, MCCLAIN KONNOR, BLAKELY SKYE, CAREY JADE",172.1505,1
"293","BILES SIMONE, LINCOLN KALIYA, MCCLAIN KONNOR, BLAKELY SKYE, JONES SHILESE",175.2905,1
"294","BILES SIMONE, LINCOLN KALIYA, MCCLAIN KONNOR, CAREY JADE, JONES SHILESE",171.24775,1
"295","BILES SIMONE, LINCOLN KALIYA, MCCLAIN KONNOR, JONES SHILESE, CAREY JADE",173.60275,1
"296","BILES SIMONE, LINCOLN KALIYA, ROBERSON JOSCELYN, MILLER ZOE, MCCLAIN KONNOR",169.91325,1
"297","BILES SIMONE, LINCOLN KALIYA, WONG LEANNE, CHILES JORDAN, ROBERSON JOSCELYN",171.64025,1
"298","BILES SIMONE, MATTHEWS NOLA, MCCLAIN KONNOR, CAREY JADE, CHILES JORDAN",172.7785,1
"299","BILES SIMONE, MATTHEWS NOLA, MCCLAIN KONNOR, CHILES JORDAN, JONES SHILESE",170.85525,1
"300","BILES SIMONE, MATTHEWS NOLA, MCCLAIN KONNOR, JONES SHILESE, MILLER ZOE",173.4065,1
"301","BILES SIMONE, MCCLAIN KONNOR, BLAKELY SKYE, CHILES JORDAN, CAREY JADE",172.6215,1
"302","BILES SIMONE, MCCLAIN KONNOR, BLAKELY SKYE, JONES SHILESE, MILLER ZOE",173.28875,1
"303","BILES SIMONE, MCCLAIN KONNOR, BLAKELY SKYE, JONES SHILESE, ROBERSON JOSCELYN",173.05325,1
"304","BILES SIMONE, MCCLAIN KONNOR, BLAKELY SKYE, JONES SHILESE, WONG LEANNE",172.7,1
"305","BILES SIMONE, MCCLAIN KONNOR, BLAKELY SKYE, LINCOLN KALIYA, MILLER ZOE",172.03275,1
"306","BILES SIMONE, MCCLAIN KONNOR, BLAKELY SKYE, MATTHEWS NOLA, SUMANASEKERA TIANA",173.642,1
"307","BILES SIMONE, MCCLAIN KONNOR, BLAKELY SKYE, MILLER ZOE, CAREY JADE",173.799,1
"308","BILES SIMONE, MCCLAIN KONNOR, BLAKELY SKYE, MILLER ZOE, CHILES JORDAN",172.7785,1
"309","BILES SIMONE, MCCLAIN KONNOR, BLAKELY SKYE, MILLER ZOE, ROBERSON JOSCELYN",172.73925,1
"310","BILES SIMONE, MCCLAIN KONNOR, BOOTH CHARLOTTE, JONES SHILESE, CAREY JADE",172.73925,1
"311","BILES SIMONE, MCCLAIN KONNOR, CAREY JADE, BLAKELY SKYE, MATTHEWS NOLA",173.36725,1
"312","BILES SIMONE, MCCLAIN KONNOR, CAREY JADE, BLAKELY SKYE, MILLER ZOE",174.1915,1
"313","BILES SIMONE, MCCLAIN KONNOR, CAREY JADE, BLAKELY SKYE, SUMANASEKERA TIANA",174.427,1
"314","BILES SIMONE, MCCLAIN KONNOR, CAREY JADE, CHILES JORDAN, BLAKELY SKYE",171.6795,1
"315","BILES SIMONE, MCCLAIN KONNOR, CAREY JADE, CHILES JORDAN, WONG LEANNE",173.36725,1
"316","BILES SIMONE, MCCLAIN KONNOR, CAREY JADE, JONES SHILESE, DISIDORE AMELIA",172.50375,1
"317","BILES SIMONE, MCCLAIN KONNOR, CAREY JADE, JONES SHILESE, JONG KATELYN",172.9355,1
"318","BILES SIMONE, MCCLAIN KONNOR, CAREY JADE, JONES SHILESE, LINCOLN KALIYA",172.7785,1
"319","BILES SIMONE, MCCLAIN KONNOR, CAREY JADE, JONES SHILESE, ROBERSON JOSCELYN",171.758,1
"320","BILES SIMONE, MCCLAIN KONNOR, CAREY JADE, JONES SHILESE, WALKER PAITYN",172.66075,1
"321","BILES SIMONE, MCCLAIN KONNOR, CAREY JADE, JONES SHILESE, ZEISS LEXI",173.642,1
"322","BILES SIMONE, MCCLAIN KONNOR, CAREY JADE, LEW MYLI, BLAKELY SKYE",173.8775,1
"323","BILES SIMONE, MCCLAIN KONNOR, CAREY JADE, LINCOLN KALIYA, BLAKELY SKYE",172.11125,1
"324","BILES SIMONE, MCCLAIN KONNOR, CAREY JADE, LINCOLN KALIYA, MATTHEWS NOLA",171.3655,1
"325","BILES SIMONE, MCCLAIN KONNOR, CAREY JADE, LINCOLN KALIYA, WONG LEANNE",173.21025,1
"326","BILES SIMONE, MCCLAIN KONNOR, CAREY JADE, MATTHEWS NOLA, JONES SHILESE",172.857,1
"327","BILES SIMONE, MCCLAIN KONNOR, CAREY JADE, MATTHEWS NOLA, MILLER ZOE",173.60275,1
"328","BILES SIMONE, MCCLAIN KONNOR, CAREY JADE, MATTHEWS NOLA, WONG LEANNE",170.85525,1
"329","BILES SIMONE, MCCLAIN KONNOR, CAREY JADE, MILLER ZOE, WONG LEANNE",174.584,1
"330","BILES SIMONE, MCCLAIN KONNOR, CAREY JADE, ROBERSON JOSCELYN, JONES SHILESE",173.68125,1
"331","BILES SIMONE, MCCLAIN KONNOR, CAREY JADE, WONG LEANNE, CHILES JORDAN",172.072,1
"332","BILES SIMONE, MCCLAIN KONNOR, CAREY JADE, WONG LEANNE, ROBERSON JOSCELYN",172.58225,1
"333","BILES SIMONE, MCCLAIN KONNOR, CHILES JORDAN, BLAKELY SKYE, CAREY JADE",173.05325,1
"334","BILES SIMONE, MCCLAIN KONNOR, CHILES JORDAN, BLAKELY SKYE, MILLER ZOE",173.014,1
"335","BILES SIMONE, MCCLAIN KONNOR, CHILES JORDAN, CAREY JADE, JONES SHILESE",172.66075,1
"336","BILES SIMONE, MCCLAIN KONNOR, CHILES JORDAN, DISIDORE AMELIA, MILLER ZOE",170.816,1
"337","BILES SIMONE, MCCLAIN KONNOR, CHILES JORDAN, JONES SHILESE, JONG KATELYN",172.9355,1
"338","BILES SIMONE, MCCLAIN KONNOR, CHILES JORDAN, JONES SHILESE, MATTHEWS NOLA",173.4065,1
"339","BILES SIMONE, MCCLAIN KONNOR, CHILES JORDAN, JONES SHILESE, ROBERSON JOSCELYN",174.741,1
"340","BILES SIMONE, MCCLAIN KONNOR, CHILES JORDAN, JONES SHILESE, SUMANASEKERA TIANA",173.36725,1
"341","BILES SIMONE, MCCLAIN KONNOR, CHILES JORDAN, LINCOLN KALIYA, BLAKELY SKYE",174.07375,1
"342","BILES SIMONE, MCCLAIN KONNOR, CHILES JORDAN, LINCOLN KALIYA, LEW MYLI",172.73925,1
"343","BILES SIMONE, MCCLAIN KONNOR, CHILES JORDAN, MATTHEWS NOLA, JONES SHILESE",171.87575,1
"344","BILES SIMONE, MCCLAIN KONNOR, CHILES JORDAN, ROBERSON JOSCELYN, MILLER ZOE",172.66075,1
"345","BILES SIMONE, MCCLAIN KONNOR, CHILES JORDAN, WONG LEANNE, CAREY JADE",173.014,1
"346","BILES SIMONE, MCCLAIN KONNOR, CHILES JORDAN, WONG LEANNE, MILLER ZOE",174.9765,1
"347","BILES SIMONE, MCCLAIN KONNOR, CHILES JORDAN, ZEISS LEXI, CAREY JADE",172.34675,1
"348","BILES SIMONE, MCCLAIN KONNOR, JONES SHILESE, BLAKELY SKYE, DISIDORE AMELIA",173.014,1
"349","BILES SIMONE, MCCLAIN KONNOR, JONES SHILESE, BLAKELY SKYE, MILLER ZOE",173.68125,1
"350","BILES SIMONE, MCCLAIN KONNOR, JONES SHILESE, BLAKELY SKYE, ROBERSON JOSCELYN",173.4065,1
"351","BILES SIMONE, MCCLAIN KONNOR, JONES SHILESE, CAREY JADE, DISIDORE AMELIA",173.0925,1
"352","BILES SIMONE, MCCLAIN KONNOR, JONES SHILESE, CHILES JORDAN, MATTHEWS NOLA",171.40475,1
"353","BILES SIMONE, MCCLAIN KONNOR, JONES SHILESE, CHILES JORDAN, ROBERSON JOSCELYN",172.7785,1
"354","BILES SIMONE, MCCLAIN KONNOR, JONES SHILESE, JONG KATELYN, CAREY JADE",171.3655,1
"355","BILES SIMONE, MCCLAIN KONNOR, JONES SHILESE, LEW MYLI, WONG LEANNE",173.44575,1
"356","BILES SIMONE, MCCLAIN KONNOR, JONES SHILESE, LINCOLN KALIYA, BOOTH CHARLOTTE",173.171,1
"357","BILES SIMONE, MCCLAIN KONNOR, JONES SHILESE, LINCOLN KALIYA, CAREY JADE",173.7205,1
"358","BILES SIMONE, MCCLAIN KONNOR, JONES SHILESE, LINCOLN KALIYA, DISIDORE AMELIA",171.758,1
"359","BILES SIMONE, MCCLAIN KONNOR, JONES SHILESE, LINCOLN KALIYA, LEW MYLI",172.072,1
"360","BILES SIMONE, MCCLAIN KONNOR, JONES SHILESE, MATTHEWS NOLA, CAREY JADE",172.543,1
"361","BILES SIMONE, MCCLAIN KONNOR, JONES SHILESE, MILLER ZOE, BLAKELY SKYE",172.229,1
"362","BILES SIMONE, MCCLAIN KONNOR, JONES SHILESE, MILLER ZOE, JONG KATELYN",175.09425,1
"363","BILES SIMONE, MCCLAIN KONNOR, JONES SHILESE, MILLER ZOE, SULLIVAN ASHLEE",171.13,1
"364","BILES SIMONE, MCCLAIN KONNOR, JONES SHILESE, ROBERSON JOSCELYN, BLAKELY SKYE",172.18975,1
"365","BILES SIMONE, MCCLAIN KONNOR, JONES SHILESE, ROBERSON JOSCELYN, CHILES JORDAN",171.87575,1
"366","BILES SIMONE, MCCLAIN KONNOR, JONES SHILESE, ROBERSON JOSCELYN, MUELLER ELLE",171.40475,1
"367","BILES SIMONE, MCCLAIN KONNOR, JONES SHILESE, ROBERSON JOSCELYN, WONG LEANNE",174.427,1
"368","BILES SIMONE, MCCLAIN KONNOR, JONES SHILESE, WONG LEANNE, NEAL MARISSA",172.7,1
"369","BILES SIMONE, MCCLAIN KONNOR, JONES SHILESE, WONG LEANNE, SUMANASEKERA TIANA",172.50375,1
"370","BILES SIMONE, MCCLAIN KONNOR, JONG KATELYN, BLAKELY SKYE, JONES SHILESE",172.11125,1
"371","BILES SIMONE, MCCLAIN KONNOR, LEW MYLI, JONES SHILESE, ZEISS LEXI",171.9935,1
"372","BILES SIMONE, MCCLAIN KONNOR, LEW MYLI, MILLER ZOE, CAREY JADE",172.386,1
"373","BILES SIMONE, MCCLAIN KONNOR, LINCOLN KALIYA, BLAKELY SKYE, CAREY JADE",173.21025,1
"374","BILES SIMONE, MCCLAIN KONNOR, LINCOLN KALIYA, BLAKELY SKYE, CHILES JORDAN",174.07375,1
"375","BILES SIMONE, MCCLAIN KONNOR, LINCOLN KALIYA, BLAKELY SKYE, MILLER ZOE",173.014,1
"376","BILES SIMONE, MCCLAIN KONNOR, LINCOLN KALIYA, CAREY JADE, WONG LEANNE",171.87575,1
"377","BILES SIMONE, MCCLAIN KONNOR, LINCOLN KALIYA, CHILES JORDAN, MILLER ZOE",172.7785,1
"378","BILES SIMONE, MCCLAIN KONNOR, LINCOLN KALIYA, CHILES JORDAN, SUMANASEKERA TIANA",172.18975,1
"379","BILES SIMONE, MCCLAIN KONNOR, LINCOLN KALIYA, JONES SHILESE, MATTHEWS NOLA",172.50375,1
"380","BILES SIMONE, MCCLAIN KONNOR, LINCOLN KALIYA, MILLER ZOE, BLAKELY SKYE",172.6215,1
"381","BILES SIMONE, MCCLAIN KONNOR, LINCOLN KALIYA, SUMANASEKERA TIANA, JONES SHILESE",173.7205,1
"382","BILES SIMONE, MCCLAIN KONNOR, MATTHEWS NOLA, MUELLER ELLE, JONES SHILESE",173.21025,1
"383","BILES SIMONE, MCCLAIN KONNOR, MILLER ZOE, CAREY JADE, JONES SHILESE",173.91675,1
"384","BILES SIMONE, MCCLAIN KONNOR, MILLER ZOE, CHILES JORDAN, JONES SHILESE",173.956,1
"385","BILES SIMONE, MCCLAIN KONNOR, MILLER ZOE, WONG LEANNE, CAREY JADE",172.7,1
"386","BILES SIMONE, MCCLAIN KONNOR, MILLER ZOE, WONG LEANNE, CHILES JORDAN",170.77675,1
"387","BILES SIMONE, MCCLAIN KONNOR, NEAL MARISSA, JONES SHILESE, MATTHEWS NOLA",172.50375,1
"388","BILES SIMONE, MCCLAIN KONNOR, PIERSON BROOKE, LINCOLN KALIYA, BLAKELY SKYE",173.171,1
"389","BILES SIMONE, MCCLAIN KONNOR, ROBERSON JOSCELYN, BLAKELY SKYE, MILLER ZOE",172.73925,1
"390","BILES SIMONE, MCCLAIN KONNOR, ROBERSON JOSCELYN, BLAKELY SKYE, WONG LEANNE",173.171,1
"391","BILES SIMONE, MCCLAIN KONNOR, ROBERSON JOSCELYN, CAREY JADE, MILLER ZOE",173.328,1
"392","BILES SIMONE, MCCLAIN KONNOR, ROBERSON JOSCELYN, JONES SHILESE, CHILES JORDAN",172.11125,1
"393","BILES SIMONE, MCCLAIN KONNOR, ROBERSON JOSCELYN, JONES SHILESE, JONG KATELYN",172.857,1
"394","BILES SIMONE, MCCLAIN KONNOR, ROBERSON JOSCELYN, LINCOLN KALIYA, CAREY JADE",171.40475,1
"395","BILES SIMONE, MCCLAIN KONNOR, ROBERSON JOSCELYN, LINCOLN KALIYA, JONES SHILESE",175.17275,1
"396","BILES SIMONE, MCCLAIN KONNOR, ROBERSON JOSCELYN, LINCOLN KALIYA, MILLER ZOE",174.23075,1
"397","BILES SIMONE, MCCLAIN KONNOR, ROBERSON JOSCELYN, MATTHEWS NOLA, MILLER ZOE",173.485,1
"398","BILES SIMONE, MCCLAIN KONNOR, ROBERSON JOSCELYN, MILLER ZOE, JONES SHILESE",170.188,1
"399","BILES SIMONE, MCCLAIN KONNOR, ROBERSON JOSCELYN, MILLER ZOE, WONG LEANNE",173.68125,1
"400","BILES SIMONE, MCCLAIN KONNOR, ROBERSON JOSCELYN, WONG LEANNE, JONES SHILESE",173.956,1
"401","BILES SIMONE, MCCLAIN KONNOR, ROSEN KATELYN, JONES SHILESE, MILLER ZOE",174.62325,1
"402","BILES SIMONE, MCCLAIN KONNOR, SULLIVAN ASHLEE, BLAKELY SKYE, CHILES JORDAN",172.9355,1
"403","BILES SIMONE, MCCLAIN KONNOR, SULLIVAN ASHLEE, CHILES JORDAN, WONG LEANNE",172.072,1
"404","BILES SIMONE, MCCLAIN KONNOR, SULLIVAN ASHLEE, JONES SHILESE, LINCOLN KALIYA",173.171,1
"405","BILES SIMONE, MCCLAIN KONNOR, SULLIVAN ASHLEE, LINCOLN KALIYA, CHILES JORDAN",171.48325,1
"406","BILES SIMONE, MCCLAIN KONNOR, SULLIVAN ASHLEE, LINCOLN KALIYA, MILLER ZOE",170.77675,1
"407","BILES SIMONE, MCCLAIN KONNOR, SULLIVAN ASHLEE, ROBERSON JOSCELYN, CAREY JADE",171.2085,1
"408","BILES SIMONE, MCCLAIN KONNOR, SUMANASEKERA TIANA, BLAKELY SKYE, CHILES JORDAN",171.24775,1
"409","BILES SIMONE, MCCLAIN KONNOR, SUMANASEKERA TIANA, BLAKELY SKYE, LINCOLN KALIYA",172.03275,1
"410","BILES SIMONE, MCCLAIN KONNOR, SUMANASEKERA TIANA, BLAKELY SKYE, MILLER ZOE",175.48675,1
"411","BILES SIMONE, MCCLAIN KONNOR, SUMANASEKERA TIANA, CHILES JORDAN, BLAKELY SKYE",173.28875,1
"412","BILES SIMONE, MCCLAIN KONNOR, SUMANASEKERA TIANA, CHILES JORDAN, FATTA ADDISON",173.52425,1
"413","BILES SIMONE, MCCLAIN KONNOR, SUMANASEKERA TIANA, CHILES JORDAN, ROBERSON JOSCELYN",173.52425,1
"414","BILES SIMONE, MCCLAIN KONNOR, SUMANASEKERA TIANA, JONES SHILESE, LINCOLN KALIYA",172.73925,1
"415","BILES SIMONE, MCCLAIN KONNOR, SUMANASEKERA TIANA, LINCOLN KALIYA, BOOTH CHARLOTTE",173.014,1
"416","BILES SIMONE, MCCLAIN KONNOR, SUMANASEKERA TIANA, LINCOLN KALIYA, CAREY JADE",170.69825,1
"417","BILES SIMONE, MCCLAIN KONNOR, SUMANASEKERA TIANA, LINCOLN KALIYA, MILLER ZOE",173.44575,1
"418","BILES SIMONE, MCCLAIN KONNOR, SUMANASEKERA TIANA, LINCOLN KALIYA, WONG LEANNE",173.28875,1
"419","BILES SIMONE, MCCLAIN KONNOR, SUMANASEKERA TIANA, MILLER ZOE, CAREY JADE",172.18975,1
"420","BILES SIMONE, MCCLAIN KONNOR, SUMANASEKERA TIANA, MILLER ZOE, WONG LEANNE",174.6625,1
"421","BILES SIMONE, MCCLAIN KONNOR, SUMANASEKERA TIANA, ROBERSON JOSCELYN, MILLER ZOE",173.171,1
"422","BILES SIMONE, MCCLAIN KONNOR, SUMANASEKERA TIANA, SULLIVAN ASHLEE, JONES SHILESE",172.58225,1
"423","BILES SIMONE, MCCLAIN KONNOR, SUMANASEKERA TIANA, WONG LEANNE, JONES SHILESE",173.171,1
"424","BILES SIMONE, MCCLAIN KONNOR, SUMANASEKERA TIANA, WONG LEANNE, MILLER ZOE",172.03275,1
"425","BILES SIMONE, MCCLAIN KONNOR, WONG LEANNE, CAREY JADE, CHILES JORDAN",172.543,1
"426","BILES SIMONE, MCCLAIN KONNOR, WONG LEANNE, CHILES JORDAN, MILLER ZOE",174.38775,1
"427","BILES SIMONE, MCCLAIN KONNOR, WONG LEANNE, JONES SHILESE, BLAKELY SKYE",172.81775,1
"428","BILES SIMONE, MCCLAIN KONNOR, WONG LEANNE, JONES SHILESE, CHILES JORDAN",175.526,1
"429","BILES SIMONE, MCCLAIN KONNOR, WONG LEANNE, JONES SHILESE, DISIDORE AMELIA",172.7785,1
"430","BILES SIMONE, MCCLAIN KONNOR, WONG LEANNE, JONES SHILESE, JONG KATELYN",173.956,1
"431","BILES SIMONE, MCCLAIN KONNOR, WONG LEANNE, JONES SHILESE, LINCOLN KALIYA",172.97475,1
"432","BILES SIMONE, MCCLAIN KONNOR, WONG LEANNE, JONES SHILESE, MATTHEWS NOLA",172.6215,1
"433","BILES SIMONE, MCCLAIN KONNOR, WONG LEANNE, JONES SHILESE, MUELLER ELLE",172.42525,1
"434","BILES SIMONE, MCCLAIN KONNOR, WONG LEANNE, LINCOLN KALIYA, BLAKELY SKYE",172.543,1
"435","BILES SIMONE, MCCLAIN KONNOR, WONG LEANNE, MILLER ZOE, CAREY JADE",173.75975,1
"436","BILES SIMONE, MCCLAIN KONNOR, WONG LEANNE, MILLER ZOE, JONES SHILESE",171.32625,1
"437","BILES SIMONE, MCCLAIN KONNOR, WONG LEANNE, ROBERSON JOSCELYN, JONES SHILESE",173.014,1
"438","BILES SIMONE, MCCLAIN KONNOR, WONG LEANNE, ROBERSON JOSCELYN, MILLER ZOE",172.97475,1
"439","BILES SIMONE, MCCLAIN KONNOR, ZEISS LEXI, JONES SHILESE, MATTHEWS NOLA",171.287,1
"440","BILES SIMONE, ROBERSON JOSCELYN, CAREY JADE, BLAKELY SKYE, JONES SHILESE",172.7785,1
"441","BILES SIMONE, ROBERSON JOSCELYN, CAREY JADE, CHILES JORDAN, BLAKELY SKYE",172.386,1
"442","BILES SIMONE, ROBERSON JOSCELYN, CAREY JADE, JONES SHILESE, BLAKELY SKYE",172.03275,1
"443","BILES SIMONE, ROBERSON JOSCELYN, CAREY JADE, JONES SHILESE, MILLER ZOE",172.81775,1
"444","BILES SIMONE, ROBERSON JOSCELYN, CHILES JORDAN, JONES SHILESE, MILLER ZOE",173.21025,1
"445","BILES SIMONE, ROBERSON JOSCELYN, CHILES JORDAN, WONG LEANNE, JONES SHILESE",171.13,1
"446","BILES SIMONE, ROBERSON JOSCELYN, JONES SHILESE, MILLER ZOE, CAREY JADE",171.79725,1
"447","BILES SIMONE, ROBERSON JOSCELYN, JONES SHILESE, MILLER ZOE, SUMANASEKERA TIANA",174.3485,1
"448","BILES SIMONE, ROBERSON JOSCELYN, LINCOLN KALIYA, MILLER ZOE, BLAKELY SKYE",173.91675,1
"449","BILES SIMONE, ROBERSON JOSCELYN, MCCLAIN KONNOR, BLAKELY SKYE, JONES SHILESE",173.68125,1
"450","BILES SIMONE, ROBERSON JOSCELYN, SUMANASEKERA TIANA, JONES SHILESE, CHILES JORDAN",171.5225,1
"451","BILES SIMONE, SULLIVAN ASHLEE, CAREY JADE, ROBERSON JOSCELYN, JONES SHILESE",172.857,1
"452","BILES SIMONE, SULLIVAN ASHLEE, LINCOLN KALIYA, BLAKELY SKYE, CHILES JORDAN",171.09075,1
"453","BILES SIMONE, SUMANASEKERA TIANA, BLAKELY SKYE, JONES SHILESE, ROBERSON JOSCELYN",173.60275,1
"454","BILES SIMONE, SUMANASEKERA TIANA, BLAKELY SKYE, MILLER ZOE, CHILES JORDAN",173.60275,1
"455","BILES SIMONE, SUMANASEKERA TIANA, CHILES JORDAN, WONG LEANNE, JONES SHILESE",171.287,1
"456","BILES SIMONE, SUMANASEKERA TIANA, JONES SHILESE, MILLER ZOE, MCCLAIN KONNOR",173.44575,1
"457","BILES SIMONE, SUMANASEKERA TIANA, JONES SHILESE, MILLER ZOE, ROBERSON JOSCELYN",172.229,1
"458","BILES SIMONE, SUMANASEKERA TIANA, JONES SHILESE, MILLER ZOE, WONG LEANNE",172.03275,1
"459","BILES SIMONE, SUMANASEKERA TIANA, LINCOLN KALIYA, JONES SHILESE, WONG LEANNE",172.7,1
"460","BILES SIMONE, SUMANASEKERA TIANA, LINCOLN KALIYA, MILLER ZOE, JONES SHILESE",171.758,1
"461","BILES SIMONE, SUMANASEKERA TIANA, ROBERSON JOSCELYN, WONG LEANNE, JONES SHILESE",172.81775,1
"462","BILES SIMONE, SUMANASEKERA TIANA, WONG LEANNE, JONES SHILESE, CAREY JADE",173.44575,1
"463","BILES SIMONE, WONG LEANNE, CAREY JADE, BLAKELY SKYE, JONES SHILESE",173.52425,1
"464","BILES SIMONE, WONG LEANNE, CAREY JADE, JONES SHILESE, MILLER ZOE",173.171,1
"465","BILES SIMONE, WONG LEANNE, MCCLAIN KONNOR, JONES SHILESE, CAREY JADE",172.03275,1
"466","BLAKELY SKYE, JONES SHILESE, BILES SIMONE, MCCLAIN KONNOR, MILLER ZOE",172.229,1
"467","BLAKELY SKYE, MCCLAIN KONNOR, BILES SIMONE, JONES SHILESE, CAREY JADE",173.485,1
"468","BLAKELY SKYE, MCCLAIN KONNOR, BILES SIMONE, JONES SHILESE, MILLER ZOE",174.54475,1
"469","BLAKELY SKYE, MCCLAIN KONNOR, BILES SIMONE, LINCOLN KALIYA, ROBERSON JOSCELYN",172.4645,1
"470","JONES SHILESE, MCCLAIN KONNOR, BILES SIMONE, BLAKELY SKYE, MILLER ZOE",172.73925,1
"471","JONES SHILESE, MCCLAIN KONNOR, BILES SIMONE, CAREY JADE, LINCOLN KALIYA",173.956,1
"472","JONES SHILESE, MCCLAIN KONNOR, BILES SIMONE, CAREY JADE, MILLER ZOE",173.68125,1
"473","JONES SHILESE, MCCLAIN KONNOR, BILES SIMONE, CHILES JORDAN, MILLER ZOE",172.072,1
"474","JONES SHILESE, MCCLAIN KONNOR, BILES SIMONE, LINCOLN KALIYA, CHILES JORDAN",172.6215,1
"475","MCCLAIN KONNOR, BILES SIMONE, CAREY JADE, CHILES JORDAN, MILLER ZOE",172.7,1
"476","MCCLAIN KONNOR, BILES SIMONE, CAREY JADE, JONES SHILESE, MILLER ZOE",171.5225,1
"477","MCCLAIN KONNOR, BILES SIMONE, CAREY JADE, WONG LEANNE, JONES SHILESE",172.42525,1
"478","MCCLAIN KONNOR, BILES SIMONE, CHILES JORDAN, BLAKELY SKYE, JONES SHILESE",173.5635,1
"479","MCCLAIN KONNOR, BILES SIMONE, CHILES JORDAN, JONES SHILESE, MILLER ZOE",172.7,1
"480","MCCLAIN KONNOR, BILES SIMONE, JONES SHILESE, MILLER ZOE, WONG LEANNE",173.014,1
"481","MCCLAIN KONNOR, BILES SIMONE, SUMANASEKERA TIANA, JONES SHILESE, CAREY JADE",172.81775,1
"482","MCCLAIN KONNOR, ROBERSON JOSCELYN, BILES SIMONE, JONES SHILESE, MILLER ZOE",174.07375,1
"483","MCCLAIN KONNOR, SULLIVAN ASHLEE, BILES SIMONE, JONES SHILESE, MILLER ZOE",173.7205,1
"484","ROBERSON JOSCELYN, BILES SIMONE, CAREY JADE, JONES SHILESE, MILLER ZOE",173.05325,1
